{
    "$schema": "https://raw.githubusercontent.com/grafana/grafana/main/docs/sources/developers/plugins/plugin.schema.json",
    "type": "datasource",
    "name": "Kubearmor-Plugin",
    "id": "accuknox-kubearmorplugin-datasource",
    "metrics": true,
    "backend": true,
    "executable": "gpx_kubearmor_plugin",
    "info": {
        "description": "A plugin for kube armor",
        "author": {
            "name": "Accuknox"
        },
        "keywords": [
            "datasource"
        ],
        "logos": {
            "small": "img/logo.svg",
            "large": "img/logo.svg"
        },
        "links": [],
        "screenshots": [],
        "version": "1.0.0",
        "updated": "2024-05-21"
    },
    "dependencies": {
        "grafanaDependency": ">=10.3.3",
        "plugins": []
    },
    "generated": {
        "extensions": []
    }
}